"","SpeciesSSet","Freq","2017","2018","2019"
"Lagothrix_cana_1633","Lagothrix_cana_1633",3,1,-0.522878745280338,0.238882088915137
"Penelope_jacquacu_1633","Penelope_jacquacu_1633",3,1,-0.015722784262833,-0.0740086441181
"Sapajus_macrocephalus_1633","Sapajus_macrocephalus_1633",3,1,-0.735182176990463,0.232111825063678
